{"train": 0.009905658878515688,"test": 0.025752782884340717}