{"train": 0.07275660658680319,"test": 0.07095217152945865}