{"train": 0.009838120261731463,"test": 0.009340400060760706}