{
    "size_ratio": 1.2,
    "motion": {
        "ra": -0.3180224979449333,
        "dec": -1.2064607322572383
    },
    "clusters": [
        {
            "center": {
                "ra": 34.876915205985654,
                "dec": 57.090432104431095
            }
        },
        {
            "center": {
                "ra": 35.568150739646676,
                "dec": 57.13955422841873
            }
        }
    ]
}