{
    "size_ratio": 1.2,
    "motion": {
        "ra": 3.920857192518375,
        "dec": -5.661267979369205
    },
    "clusters": [
        {
            "center": {
                "ra": 35.227178467773925,
                "dec": 57.11753139236623
            }
        },
        {
            "center": {
                "ra": 35.22944017184704,
                "dec": 57.1180430803795
            }
        }
    ]
}